,symboling,normalized-losses,make,num-of-doors,body-style,drive-wheels,engine-location,wheel-base,length,width,height,curb-weight,engine-type,num-of-cylinders,engine-size,fuel-system,bore,stroke,compression-ratio,horsepower,peak-rpm,city-mpg,highway-mpg,price,horsepower_binned,fuel-type-diesel,fuel-type-gas,aspiration-std,aspiration-turbo
0,3,122.0,alfa-romero,two,convertible,rwd,front,88.6,0.8111484863046613,0.8902777777777777,0.8160535117056856,2548,dohc,four,130,mpfi,3.47,2.68,9.0,111.0,5000.0,21,27,13495,Low,False,True,True,False
1,3,122.0,alfa-romero,two,convertible,rwd,front,88.6,0.8111484863046613,0.8902777777777777,0.8160535117056856,2548,dohc,four,130,mpfi,3.47,2.68,9.0,111.0,5000.0,21,27,16500,Low,False,True,True,False
2,1,122.0,alfa-romero,two,hatchback,rwd,front,94.5,0.8226814031715521,0.9097222222222222,0.8762541806020067,2823,ohcv,six,152,mpfi,2.68,3.47,9.0,154.0,5000.0,19,26,16500,Medium,False,True,True,False
3,2,164.0,audi,four,sedan,fwd,front,99.8,0.8486304661220567,0.9194444444444445,0.9080267558528428,2337,ohc,four,109,mpfi,3.19,3.4,10.0,102.0,5500.0,24,30,13950,Low,False,True,True,False
4,2,164.0,audi,four,sedan,4wd,front,99.4,0.8486304661220567,0.9222222222222223,0.9080267558528428,2824,ohc,five,136,mpfi,3.19,3.4,8.0,115.0,5500.0,18,22,17450,Low,False,True,True,False
5,2,122.0,audi,two,sedan,fwd,front,99.8,0.8519942335415667,0.9208333333333333,0.8879598662207359,2507,ohc,five,136,mpfi,3.19,3.4,8.5,110.0,5500.0,19,25,15250,Low,False,True,True,False
6,1,158.0,audi,four,sedan,fwd,front,105.8,0.9259971167707832,0.9916666666666667,0.931438127090301,2844,ohc,five,136,mpfi,3.19,3.4,8.5,110.0,5500.0,19,25,17710,Low,False,True,True,False
7,1,122.0,audi,four,wagon,fwd,front,105.8,0.9259971167707832,0.9916666666666667,0.931438127090301,2954,ohc,five,136,mpfi,3.19,3.4,8.5,110.0,5500.0,19,25,18920,Low,False,True,True,False
8,1,158.0,audi,four,sedan,fwd,front,105.8,0.9259971167707832,0.9916666666666667,0.9347826086956522,3086,ohc,five,131,mpfi,3.13,3.4,8.3,140.0,5500.0,17,20,23875,Medium,False,True,False,True
10,2,192.0,bmw,two,sedan,rwd,front,101.2,0.849591542527631,0.8999999999999999,0.9080267558528428,2395,ohc,four,108,mpfi,3.5,2.8,8.8,101.0,5800.0,23,29,16430,Low,False,True,True,False
11,0,192.0,bmw,four,sedan,rwd,front,101.2,0.849591542527631,0.8999999999999999,0.9080267558528428,2395,ohc,four,108,mpfi,3.5,2.8,8.8,101.0,5800.0,23,29,16925,Low,False,True,True,False
12,0,188.0,bmw,two,sedan,rwd,front,101.2,0.849591542527631,0.8999999999999999,0.9080267558528428,2710,ohc,six,164,mpfi,3.31,3.19,9.0,121.0,4250.0,21,28,20970,Medium,False,True,True,False
13,0,188.0,bmw,four,sedan,rwd,front,101.2,0.849591542527631,0.8999999999999999,0.9080267558528428,2765,ohc,six,164,mpfi,3.31,3.19,9.0,121.0,4250.0,21,28,21105,Medium,False,True,True,False
14,1,122.0,bmw,four,sedan,rwd,front,103.5,0.9082172032676598,0.9291666666666667,0.931438127090301,3055,ohc,six,164,mpfi,3.31,3.19,9.0,121.0,4250.0,20,25,24565,Medium,False,True,True,False
15,0,122.0,bmw,four,sedan,rwd,front,103.5,0.9082172032676598,0.9291666666666667,0.931438127090301,3230,ohc,six,209,mpfi,3.62,3.39,8.0,182.0,5400.0,16,22,30760,Medium,False,True,True,False
16,0,122.0,bmw,two,sedan,rwd,front,103.5,0.9312830370014417,0.9430555555555556,0.8979933110367894,3380,ohc,six,209,mpfi,3.62,3.39,8.0,182.0,5400.0,16,22,41315,Medium,False,True,True,False
17,0,122.0,bmw,four,sedan,rwd,front,110.0,0.9466602594906295,0.9847222222222223,0.9414715719063546,3505,ohc,six,209,mpfi,3.62,3.39,8.0,182.0,5400.0,15,20,36880,Medium,False,True,True,False
18,2,121.0,chevrolet,two,hatchback,fwd,front,88.4,0.6780394041326285,0.8374999999999999,0.8896321070234114,1488,l,three,61,2bbl,2.91,3.03,9.5,48.0,5100.0,47,53,5151,Low,False,True,True,False
19,1,98.0,chevrolet,two,hatchback,fwd,front,94.5,0.7491590581451226,0.8833333333333333,0.8695652173913044,1874,ohc,four,90,2bbl,3.03,3.11,9.6,70.0,5400.0,38,43,6295,Low,False,True,True,False
20,0,81.0,chevrolet,four,sedan,fwd,front,94.5,0.7630946660259491,0.8833333333333333,0.8695652173913044,1909,ohc,four,90,2bbl,3.03,3.11,9.6,70.0,5400.0,38,43,6575,Low,False,True,True,False
21,1,118.0,dodge,two,hatchback,fwd,front,93.7,0.7558865929841423,0.8861111111111111,0.8494983277591973,1876,ohc,four,90,2bbl,2.97,3.23,9.41,68.0,5500.0,37,41,5572,Low,False,True,True,False
22,1,118.0,dodge,two,hatchback,fwd,front,93.7,0.7558865929841423,0.8861111111111111,0.8494983277591973,1876,ohc,four,90,2bbl,2.97,3.23,9.4,68.0,5500.0,31,38,6377,Low,False,True,True,False
23,1,118.0,dodge,two,hatchback,fwd,front,93.7,0.7558865929841423,0.8861111111111111,0.8494983277591973,2128,ohc,four,98,mpfi,3.03,3.39,7.6,102.0,5500.0,24,30,7957,Low,False,True,False,True
24,1,148.0,dodge,four,hatchback,fwd,front,93.7,0.7558865929841423,0.8861111111111111,0.8461538461538463,1967,ohc,four,90,2bbl,2.97,3.23,9.4,68.0,5500.0,31,38,6229,Low,False,True,True,False
25,1,148.0,dodge,four,sedan,fwd,front,93.7,0.7558865929841423,0.8861111111111111,0.8461538461538463,1989,ohc,four,90,2bbl,2.97,3.23,9.4,68.0,5500.0,31,38,6692,Low,False,True,True,False
26,1,148.0,dodge,four,sedan,fwd,front,93.7,0.7558865929841423,0.8861111111111111,0.8461538461538463,1989,ohc,four,90,2bbl,2.97,3.23,9.4,68.0,5500.0,31,38,7609,Low,False,True,True,False
27,1,148.0,dodge,four,sedan,fwd,front,93.7,0.7558865929841423,0.8861111111111111,0.8461538461538463,2191,ohc,four,98,mpfi,3.03,3.39,7.6,102.0,5500.0,24,30,8558,Low,False,True,False,True
28,-1,110.0,dodge,four,wagon,fwd,front,103.3,0.8390197020663143,0.8972222222222221,1.0,2535,ohc,four,122,2bbl,3.34,3.46,8.5,88.0,5000.0,24,30,8921,Low,False,True,True,False
29,3,145.0,dodge,two,hatchback,fwd,front,95.9,0.8322921672272945,0.9208333333333333,0.8394648829431439,2811,ohc,four,156,mfi,3.6,3.9,7.0,145.0,5000.0,19,24,12964,Medium,False,True,False,True
30,2,137.0,honda,two,hatchback,fwd,front,86.6,0.6948582412301778,0.8875,0.8494983277591973,1713,ohc,four,92,1bbl,2.91,3.41,9.6,58.0,4800.0,49,54,6479,Low,False,True,True,False
31,2,137.0,honda,two,hatchback,fwd,front,86.6,0.6948582412301778,0.8875,0.8494983277591973,1819,ohc,four,92,1bbl,2.91,3.41,9.2,76.0,6000.0,31,38,6855,Low,False,True,True,False
32,1,101.0,honda,two,hatchback,fwd,front,93.7,0.7208073041806824,0.8888888888888888,0.8795986622073579,1837,ohc,four,79,1bbl,2.91,3.07,10.1,60.0,5500.0,38,42,5399,Low,False,True,True,False
33,1,101.0,honda,two,hatchback,fwd,front,93.7,0.7208073041806824,0.8888888888888888,0.8795986622073579,1940,ohc,four,92,1bbl,2.91,3.41,9.2,76.0,6000.0,30,34,6529,Low,False,True,True,False
34,1,101.0,honda,two,hatchback,fwd,front,93.7,0.7208073041806824,0.8888888888888888,0.8795986622073579,1956,ohc,four,92,1bbl,2.91,3.41,9.2,76.0,6000.0,30,34,7129,Low,False,True,True,False
35,0,110.0,honda,four,sedan,fwd,front,96.5,0.7851994233541567,0.8888888888888888,0.911371237458194,2010,ohc,four,92,1bbl,2.91,3.41,9.2,76.0,6000.0,30,34,7295,Low,False,True,True,False
36,0,78.0,honda,four,wagon,fwd,front,96.5,0.754925516578568,0.8875,0.9749163879598662,2024,ohc,four,92,1bbl,2.92,3.41,9.2,76.0,6000.0,30,34,7295,Low,False,True,True,False
37,0,106.0,honda,two,hatchback,fwd,front,96.5,0.8049014896684287,0.9055555555555556,0.8913043478260869,2236,ohc,four,110,1bbl,3.15,3.58,9.0,86.0,5800.0,27,33,7895,Low,False,True,True,False
38,0,106.0,honda,two,hatchback,fwd,front,96.5,0.8049014896684287,0.9055555555555556,0.8913043478260869,2289,ohc,four,110,1bbl,3.15,3.58,9.0,86.0,5800.0,27,33,9095,Low,False,True,True,False
39,0,85.0,honda,four,sedan,fwd,front,96.5,0.8428640076886112,0.9055555555555556,0.9046822742474917,2304,ohc,four,110,1bbl,3.15,3.58,9.0,86.0,5800.0,27,33,8845,Low,False,True,True,False
40,0,85.0,honda,four,sedan,fwd,front,96.5,0.8428640076886112,0.8680555555555556,0.9046822742474917,2372,ohc,four,110,1bbl,3.15,3.58,9.0,86.0,5800.0,27,33,10295,Low,False,True,True,False
41,0,85.0,honda,four,sedan,fwd,front,96.5,0.8428640076886112,0.9055555555555556,0.9046822742474917,2465,ohc,four,110,mpfi,3.15,3.58,9.0,101.0,5800.0,24,28,12945,Low,False,True,True,False
42,1,107.0,honda,two,sedan,fwd,front,96.5,0.8125901009130225,0.9166666666666666,0.8528428093645485,2293,ohc,four,110,2bbl,3.15,3.58,9.1,100.0,5500.0,25,31,10345,Low,False,True,True,False
43,0,122.0,isuzu,four,sedan,rwd,front,94.3,0.8202787121576165,0.8583333333333333,0.8946488294314382,2337,ohc,four,111,2bbl,3.31,3.23,8.5,78.0,4800.0,24,29,6785,Low,False,True,True,False
46,2,122.0,isuzu,two,hatchback,rwd,front,96.0,0.8294089380105718,0.9055555555555556,0.8595317725752508,2734,ohc,four,119,spfi,3.43,3.23,9.2,90.0,5000.0,24,29,11048,Low,False,True,True,False
47,0,145.0,jaguar,four,sedan,rwd,front,113.0,0.9591542527630946,0.9666666666666666,0.882943143812709,4066,dohc,six,258,mpfi,3.63,4.17,8.1,176.0,4750.0,15,19,32250,Medium,False,True,True,False
48,0,122.0,jaguar,four,sedan,rwd,front,113.0,0.9591542527630946,0.9666666666666666,0.882943143812709,4066,dohc,six,258,mpfi,3.63,4.17,8.1,176.0,4750.0,15,19,35550,Medium,False,True,True,False
49,0,122.0,jaguar,two,sedan,rwd,front,102.0,0.921191734742912,0.9805555555555555,0.7993311036789298,3950,ohcv,twelve,326,mpfi,3.54,2.76,11.5,262.0,5000.0,13,17,36000,High,False,True,True,False
50,1,104.0,mazda,two,hatchback,fwd,front,93.1,0.7645362806343105,0.8916666666666667,0.9046822742474917,1890,ohc,four,91,2bbl,3.03,3.15,9.0,68.0,5000.0,30,31,5195,Low,False,True,True,False
51,1,104.0,mazda,two,hatchback,fwd,front,93.1,0.7645362806343105,0.8916666666666667,0.9046822742474917,1900,ohc,four,91,2bbl,3.03,3.15,9.0,68.0,5000.0,31,38,6095,Low,False,True,True,False
52,1,104.0,mazda,two,hatchback,fwd,front,93.1,0.7645362806343105,0.8916666666666667,0.9046822742474917,1905,ohc,four,91,2bbl,3.03,3.15,9.0,68.0,5000.0,31,38,6795,Low,False,True,True,False
53,1,113.0,mazda,four,sedan,fwd,front,93.1,0.8015377222489188,0.8916666666666667,0.9046822742474917,1945,ohc,four,91,2bbl,3.03,3.15,9.0,68.0,5000.0,31,38,6695,Low,False,True,True,False
54,1,113.0,mazda,four,sedan,fwd,front,93.1,0.8015377222489188,0.8916666666666667,0.9046822742474917,1950,ohc,four,91,2bbl,3.08,3.15,9.0,68.0,5000.0,31,38,7395,Low,False,True,True,False
55,3,150.0,mazda,two,hatchback,rwd,front,95.3,0.8121095627102355,0.9125000000000001,0.8294314381270904,2380,rotor,two,70,4bbl,3.3297512437810943,3.255422885572139,9.4,101.0,6000.0,17,23,10945,Low,False,True,True,False
56,3,150.0,mazda,two,hatchback,rwd,front,95.3,0.8121095627102355,0.9125000000000001,0.8294314381270904,2380,rotor,two,70,4bbl,3.3297512437810943,3.255422885572139,9.4,101.0,6000.0,17,23,11845,Low,False,True,True,False
57,3,150.0,mazda,two,hatchback,rwd,front,95.3,0.8121095627102355,0.9125000000000001,0.8294314381270904,2385,rotor,two,70,4bbl,3.3297512437810943,3.255422885572139,9.4,101.0,6000.0,17,23,13645,Low,False,True,True,False
58,3,150.0,mazda,two,hatchback,rwd,front,95.3,0.8121095627102355,0.9125000000000001,0.8294314381270904,2500,rotor,two,80,mpfi,3.3297512437810943,3.255422885572139,9.4,135.0,6000.0,16,23,15645,Medium,False,True,True,False
59,1,129.0,mazda,two,hatchback,fwd,front,98.8,0.8543969245555022,0.9236111111111112,0.8979933110367894,2385,ohc,four,122,2bbl,3.39,3.39,8.6,84.0,4800.0,26,32,8845,Low,False,True,True,False
60,0,115.0,mazda,four,sedan,fwd,front,98.8,0.8543969245555022,0.9236111111111112,0.9280936454849499,2410,ohc,four,122,2bbl,3.39,3.39,8.6,84.0,4800.0,26,32,8495,Low,False,True,True,False
61,1,129.0,mazda,two,hatchback,fwd,front,98.8,0.8543969245555022,0.9236111111111112,0.8979933110367894,2385,ohc,four,122,2bbl,3.39,3.39,8.6,84.0,4800.0,26,32,10595,Low,False,True,True,False
62,0,115.0,mazda,four,sedan,fwd,front,98.8,0.8543969245555022,0.9236111111111112,0.9280936454849499,2410,ohc,four,122,2bbl,3.39,3.39,8.6,84.0,4800.0,26,32,10245,Low,False,True,True,False
63,0,122.0,mazda,four,sedan,fwd,front,98.8,0.8543969245555022,0.9236111111111112,0.9280936454849499,2443,ohc,four,122,idi,3.39,3.39,22.7,64.0,4650.0,36,42,10795,Low,True,False,True,False
64,0,115.0,mazda,four,hatchback,fwd,front,98.8,0.8543969245555022,0.9236111111111112,0.9280936454849499,2425,ohc,four,122,2bbl,3.39,3.39,8.6,84.0,4800.0,26,32,11245,Low,False,True,True,False
65,0,118.0,mazda,four,sedan,rwd,front,104.9,0.8409418548774628,0.9180555555555555,0.9096989966555185,2670,ohc,four,140,mpfi,3.76,3.16,8.0,120.0,5000.0,19,27,18280,Medium,False,True,True,False
66,0,122.0,mazda,four,sedan,rwd,front,104.9,0.8409418548774628,0.9180555555555555,0.9096989966555185,2700,ohc,four,134,idi,3.43,3.64,22.0,72.0,4200.0,31,39,18344,Low,True,False,True,False
67,-1,93.0,mercedes-benz,four,sedan,rwd,front,110.0,0.9173474291206152,0.9763888888888889,0.9448160535117057,3515,ohc,five,183,idi,3.58,3.64,21.5,123.0,4350.0,22,25,25552,Medium,True,False,False,True
68,-1,93.0,mercedes-benz,four,wagon,rwd,front,110.0,0.9173474291206152,0.9763888888888889,0.9816053511705687,3750,ohc,five,183,idi,3.58,3.64,21.5,123.0,4350.0,22,25,28248,Medium,True,False,False,True
69,0,93.0,mercedes-benz,two,hardtop,rwd,front,106.7,0.9010091302258529,0.9763888888888889,0.9180602006688964,3495,ohc,five,183,idi,3.58,3.64,21.5,123.0,4350.0,22,25,28176,Medium,True,False,False,True
70,-1,93.0,mercedes-benz,four,sedan,rwd,front,115.6,0.9735703988467083,0.9958333333333333,0.9414715719063546,3770,ohc,five,183,idi,3.58,3.64,21.5,123.0,4350.0,22,25,31600,Medium,True,False,False,True
71,-1,122.0,mercedes-benz,four,sedan,rwd,front,115.6,0.9735703988467083,0.9958333333333333,0.9448160535117057,3740,ohcv,eight,234,mpfi,3.46,3.1,8.3,155.0,4750.0,16,18,34184,Medium,False,True,True,False
72,3,142.0,mercedes-benz,two,convertible,rwd,front,96.6,0.8664103796251803,0.9791666666666666,0.8494983277591973,3685,ohcv,eight,234,mpfi,3.46,3.1,8.3,155.0,4750.0,16,18,35056,Medium,False,True,True,False
73,0,122.0,mercedes-benz,four,sedan,rwd,front,120.9,1.0,0.9958333333333333,0.948160535117057,3900,ohcv,eight,308,mpfi,3.8,3.35,8.0,184.0,4500.0,14,16,40960,Medium,False,True,True,False
74,1,122.0,mercedes-benz,two,hardtop,rwd,front,112.0,0.9572320999519461,1.0,0.9264214046822743,3715,ohcv,eight,304,mpfi,3.8,3.35,8.0,184.0,4500.0,14,16,45400,Medium,False,True,True,False
75,1,122.0,mercury,two,hatchback,rwd,front,102.7,0.857280153772225,0.9444444444444444,0.9163879598662207,2910,ohc,four,140,mpfi,3.78,3.12,8.0,175.0,5000.0,19,24,16503,Medium,False,True,False,True
76,2,161.0,mitsubishi,two,hatchback,fwd,front,93.7,0.7558865929841423,0.8944444444444445,0.8494983277591973,1918,ohc,four,92,2bbl,2.97,3.23,9.4,68.0,5500.0,37,41,5389,Low,False,True,True,False
77,2,161.0,mitsubishi,two,hatchback,fwd,front,93.7,0.7558865929841423,0.8944444444444445,0.8494983277591973,1944,ohc,four,92,2bbl,2.97,3.23,9.4,68.0,5500.0,31,38,6189,Low,False,True,True,False
78,2,161.0,mitsubishi,two,hatchback,fwd,front,93.7,0.7558865929841423,0.8944444444444445,0.8494983277591973,2004,ohc,four,92,2bbl,2.97,3.23,9.4,68.0,5500.0,31,38,6669,Low,False,True,True,False
79,1,161.0,mitsubishi,two,hatchback,fwd,front,93.0,0.7558865929841423,0.8861111111111111,0.8494983277591973,2145,ohc,four,98,spdi,3.03,3.39,7.6,102.0,5500.0,24,30,7689,Low,False,True,False,True
80,3,153.0,mitsubishi,two,hatchback,fwd,front,96.3,0.8313310908217203,0.9083333333333334,0.8260869565217391,2370,ohc,four,110,spdi,3.17,3.46,7.5,116.0,5500.0,23,30,9959,Low,False,True,False,True
81,3,153.0,mitsubishi,two,hatchback,fwd,front,96.3,0.8313310908217203,0.9083333333333334,0.8260869565217391,2328,ohc,four,122,2bbl,3.35,3.46,8.5,88.0,5000.0,25,32,8499,Low,False,True,True,False
82,3,122.0,mitsubishi,two,hatchback,fwd,front,95.9,0.8322921672272945,0.9208333333333333,0.8394648829431439,2833,ohc,four,156,spdi,3.58,3.86,7.0,145.0,5000.0,19,24,12629,Medium,False,True,False,True
83,3,122.0,mitsubishi,two,hatchback,fwd,front,95.9,0.8322921672272945,0.9208333333333333,0.8394648829431439,2921,ohc,four,156,spdi,3.59,3.86,7.0,145.0,5000.0,19,24,14869,Medium,False,True,False,True
84,3,122.0,mitsubishi,two,hatchback,fwd,front,95.9,0.8322921672272945,0.9208333333333333,0.8394648829431439,2926,ohc,four,156,spdi,3.59,3.86,7.0,145.0,5000.0,19,24,14489,Medium,False,True,False,True
85,1,125.0,mitsubishi,four,sedan,fwd,front,96.3,0.8284478616049976,0.9083333333333334,0.8628762541806021,2365,ohc,four,122,2bbl,3.35,3.46,8.5,88.0,5000.0,25,32,6989,Low,False,True,True,False
86,1,125.0,mitsubishi,four,sedan,fwd,front,96.3,0.8284478616049976,0.9083333333333334,0.8628762541806021,2405,ohc,four,122,2bbl,3.35,3.46,8.5,88.0,5000.0,25,32,8189,Low,False,True,True,False
87,1,125.0,mitsubishi,four,sedan,fwd,front,96.3,0.8284478616049976,0.9083333333333334,0.8628762541806021,2403,ohc,four,110,spdi,3.17,3.46,7.5,116.0,5500.0,23,30,9279,Low,False,True,False,True
88,-1,137.0,mitsubishi,four,sedan,fwd,front,96.3,0.8284478616049976,0.9083333333333334,0.8628762541806021,2403,ohc,four,110,spdi,3.17,3.46,7.5,116.0,5500.0,23,30,9279,Low,False,True,True,False
89,1,128.0,nissan,two,sedan,fwd,front,94.5,0.794329649207112,0.8861111111111111,0.911371237458194,1889,ohc,four,97,2bbl,3.15,3.29,9.4,69.0,5200.0,31,37,5499,Low,False,True,True,False
90,1,128.0,nissan,two,sedan,fwd,front,94.5,0.794329649207112,0.8861111111111111,0.911371237458194,2017,ohc,four,103,idi,2.99,3.47,21.9,55.0,4800.0,45,50,7099,Low,True,False,True,False
91,1,128.0,nissan,two,sedan,fwd,front,94.5,0.794329649207112,0.8861111111111111,0.911371237458194,1918,ohc,four,97,2bbl,3.15,3.29,9.4,69.0,5200.0,31,37,6649,Low,False,True,True,False
92,1,122.0,nissan,four,sedan,fwd,front,94.5,0.794329649207112,0.8861111111111111,0.911371237458194,1938,ohc,four,97,2bbl,3.15,3.29,9.4,69.0,5200.0,31,37,6849,Low,False,True,True,False
93,1,103.0,nissan,four,wagon,fwd,front,94.5,0.8178760211436809,0.8861111111111111,0.8946488294314382,2024,ohc,four,97,2bbl,3.15,3.29,9.4,69.0,5200.0,31,37,7349,Low,False,True,True,False
94,1,128.0,nissan,two,sedan,fwd,front,94.5,0.794329649207112,0.8861111111111111,0.911371237458194,1951,ohc,four,97,2bbl,3.15,3.29,9.4,69.0,5200.0,31,37,7299,Low,False,True,True,False
95,1,128.0,nissan,two,hatchback,fwd,front,94.5,0.7957712638154734,0.8861111111111111,0.8913043478260869,2028,ohc,four,97,2bbl,3.15,3.29,9.4,69.0,5200.0,31,37,7799,Low,False,True,True,False
96,1,122.0,nissan,four,sedan,fwd,front,94.5,0.794329649207112,0.8861111111111111,0.911371237458194,1971,ohc,four,97,2bbl,3.15,3.29,9.4,69.0,5200.0,31,37,7499,Low,False,True,True,False
97,1,103.0,nissan,four,wagon,fwd,front,94.5,0.8178760211436809,0.8861111111111111,0.8946488294314382,2037,ohc,four,97,2bbl,3.15,3.29,9.4,69.0,5200.0,31,37,7999,Low,False,True,True,False
98,2,168.0,nissan,two,hardtop,fwd,front,95.1,0.7803940413262855,0.8861111111111111,0.8913043478260869,2008,ohc,four,97,2bbl,3.15,3.29,9.4,69.0,5200.0,31,37,8249,Low,False,True,True,False
99,0,106.0,nissan,four,hatchback,fwd,front,97.2,0.8332532436328689,0.9055555555555556,0.9147157190635452,2324,ohc,four,120,2bbl,3.33,3.47,8.5,97.0,5200.0,27,34,8949,Low,False,True,True,False
100,0,106.0,nissan,four,sedan,fwd,front,97.2,0.8332532436328689,0.9055555555555556,0.9147157190635452,2302,ohc,four,120,2bbl,3.33,3.47,8.5,97.0,5200.0,27,34,9549,Low,False,True,True,False
101,0,128.0,nissan,four,sedan,fwd,front,100.4,0.8731379144641999,0.9236111111111112,0.9214046822742475,3095,ohcv,six,181,mpfi,3.43,3.27,9.0,152.0,5200.0,17,22,13499,Medium,False,True,True,False
102,0,108.0,nissan,four,wagon,fwd,front,100.4,0.8870735223450265,0.9236111111111112,0.9381270903010034,3296,ohcv,six,181,mpfi,3.43,3.27,9.0,152.0,5200.0,17,22,14399,Medium,False,True,True,False
103,0,108.0,nissan,four,sedan,fwd,front,100.4,0.8870735223450265,0.9236111111111112,0.9214046822742475,3060,ohcv,six,181,mpfi,3.43,3.27,9.0,152.0,5200.0,19,25,13499,Medium,False,True,True,False
104,3,194.0,nissan,two,hatchback,rwd,front,91.3,0.8202787121576165,0.9430555555555556,0.831103678929766,3071,ohcv,six,181,mpfi,3.43,3.27,9.0,160.0,5200.0,19,25,17199,Medium,False,True,True,False
105,3,194.0,nissan,two,hatchback,rwd,front,91.3,0.8202787121576165,0.9430555555555556,0.831103678929766,3139,ohcv,six,181,mpfi,3.43,3.27,7.8,200.0,5200.0,17,23,19699,High,False,True,False,True
106,1,231.0,nissan,two,hatchback,rwd,front,99.2,0.857760691975012,0.9430555555555556,0.831103678929766,3139,ohcv,six,181,mpfi,3.43,3.27,9.0,160.0,5200.0,19,25,18399,Medium,False,True,True,False
107,0,161.0,peugot,four,sedan,rwd,front,107.9,0.897164824603556,0.9500000000000001,0.948160535117057,3020,l,four,120,mpfi,3.46,3.19,8.4,97.0,5000.0,19,24,11900,Low,False,True,True,False
108,0,161.0,peugot,four,sedan,rwd,front,107.9,0.897164824603556,0.9500000000000001,0.948160535117057,3197,l,four,152,idi,3.7,3.52,21.0,95.0,4150.0,28,33,13200,Low,True,False,False,True
109,0,122.0,peugot,four,wagon,rwd,front,114.2,0.9557904853435849,0.9500000000000001,0.9816053511705687,3230,l,four,120,mpfi,3.46,3.19,8.4,97.0,5000.0,19,24,12440,Low,False,True,True,False
110,0,122.0,peugot,four,wagon,rwd,front,114.2,0.9557904853435849,0.9500000000000001,0.9816053511705687,3430,l,four,152,idi,3.7,3.52,21.0,95.0,4150.0,25,25,13860,Low,True,False,False,True
111,0,161.0,peugot,four,sedan,rwd,front,107.9,0.897164824603556,0.9500000000000001,0.948160535117057,3075,l,four,120,mpfi,3.46,2.19,8.4,95.0,5000.0,19,24,15580,Low,False,True,True,False
112,0,161.0,peugot,four,sedan,rwd,front,107.9,0.897164824603556,0.9500000000000001,0.948160535117057,3252,l,four,152,idi,3.7,3.52,21.0,95.0,4150.0,28,33,16900,Low,True,False,False,True
113,0,122.0,peugot,four,wagon,rwd,front,114.2,0.9557904853435849,0.9500000000000001,0.948160535117057,3285,l,four,120,mpfi,3.46,2.19,8.4,95.0,5000.0,19,24,16695,Low,False,True,True,False
114,0,122.0,peugot,four,wagon,rwd,front,114.2,0.9557904853435849,0.9500000000000001,0.9816053511705687,3485,l,four,152,idi,3.7,3.52,21.0,95.0,4150.0,25,25,17075,Low,True,False,False,True
115,0,161.0,peugot,four,sedan,rwd,front,107.9,0.897164824603556,0.9500000000000001,0.948160535117057,3075,l,four,120,mpfi,3.46,3.19,8.4,97.0,5000.0,19,24,16630,Low,False,True,True,False
116,0,161.0,peugot,four,sedan,rwd,front,107.9,0.897164824603556,0.9500000000000001,0.948160535117057,3252,l,four,152,idi,3.7,3.52,21.0,95.0,4150.0,28,33,17950,Low,True,False,False,True
117,0,161.0,peugot,four,sedan,rwd,front,108.0,0.897164824603556,0.9486111111111111,0.9364548494983278,3130,l,four,134,mpfi,3.61,3.21,7.0,142.0,5600.0,18,24,18150,Medium,False,True,False,True
118,1,119.0,plymouth,two,hatchback,fwd,front,93.7,0.7558865929841423,0.8861111111111111,0.8494983277591973,1918,ohc,four,90,2bbl,2.97,3.23,9.4,68.0,5500.0,37,41,5572,Low,False,True,True,False
119,1,119.0,plymouth,two,hatchback,fwd,front,93.7,0.7558865929841423,0.8861111111111111,0.8494983277591973,2128,ohc,four,98,spdi,3.03,3.39,7.6,102.0,5500.0,24,30,7957,Low,False,True,False,True
120,1,154.0,plymouth,four,hatchback,fwd,front,93.7,0.7558865929841423,0.8861111111111111,0.8461538461538463,1967,ohc,four,90,2bbl,2.97,3.23,9.4,68.0,5500.0,31,38,6229,Low,False,True,True,False
121,1,154.0,plymouth,four,sedan,fwd,front,93.7,0.8039404132628545,0.8861111111111111,0.8494983277591973,1989,ohc,four,90,2bbl,2.97,3.23,9.4,68.0,5500.0,31,38,6692,Low,False,True,True,False
122,1,154.0,plymouth,four,sedan,fwd,front,93.7,0.8039404132628545,0.8861111111111111,0.8494983277591973,2191,ohc,four,98,2bbl,2.97,3.23,9.4,68.0,5500.0,31,38,7609,Low,False,True,True,False
123,-1,74.0,plymouth,four,wagon,fwd,front,103.3,0.8390197020663143,0.8972222222222221,1.0,2535,ohc,four,122,2bbl,3.35,3.46,8.5,88.0,5000.0,24,30,8921,Low,False,True,True,False
124,3,122.0,plymouth,two,hatchback,rwd,front,95.9,0.8322921672272945,0.9208333333333333,0.8394648829431439,2818,ohc,four,156,spdi,3.59,3.86,7.0,145.0,5000.0,19,24,12764,Medium,False,True,False,True
125,3,186.0,porsche,two,hatchback,rwd,front,94.5,0.8116290245074483,0.9486111111111111,0.8394648829431439,2778,ohc,four,151,mpfi,3.94,3.11,9.5,143.0,5500.0,19,27,22018,Medium,False,True,True,False
126,3,122.0,porsche,two,hardtop,rwd,rear,89.5,0.8116290245074483,0.9027777777777778,0.8628762541806021,2756,ohcf,six,194,mpfi,3.74,2.9,9.5,207.0,5900.0,17,25,32528,High,False,True,True,False
127,3,122.0,porsche,two,hardtop,rwd,rear,89.5,0.8116290245074483,0.9027777777777778,0.8628762541806021,2756,ohcf,six,194,mpfi,3.74,2.9,9.5,207.0,5900.0,17,25,34028,High,False,True,True,False
128,3,122.0,porsche,two,convertible,rwd,rear,89.5,0.8116290245074483,0.9027777777777778,0.8628762541806021,2800,ohcf,six,194,mpfi,3.74,2.9,9.5,207.0,5900.0,17,25,37028,High,False,True,True,False
130,0,122.0,renault,four,wagon,fwd,front,96.1,0.8721768380586257,0.9236111111111112,0.9230769230769231,2579,ohc,four,132,mpfi,3.46,3.9,8.7,104.25615763546799,5125.369458128079,23,31,9295,Low,False,True,True,False
131,2,122.0,renault,two,hatchback,fwd,front,96.1,0.849591542527631,0.9249999999999999,0.8444816053511706,2460,ohc,four,132,mpfi,3.46,3.9,8.7,104.25615763546799,5125.369458128079,23,31,9895,Low,False,True,True,False
132,3,150.0,saab,two,hatchback,fwd,front,99.1,0.8966842864007688,0.9236111111111112,0.9381270903010034,2658,ohc,four,121,mpfi,3.54,3.07,9.31,110.0,5250.0,21,28,11850,Low,False,True,True,False
133,2,104.0,saab,four,sedan,fwd,front,99.1,0.8966842864007688,0.9236111111111112,0.9381270903010034,2695,ohc,four,121,mpfi,3.54,3.07,9.3,110.0,5250.0,21,28,12170,Low,False,True,True,False
134,3,150.0,saab,two,hatchback,fwd,front,99.1,0.8966842864007688,0.9236111111111112,0.9381270903010034,2707,ohc,four,121,mpfi,2.54,2.07,9.3,110.0,5250.0,21,28,15040,Low,False,True,True,False
135,2,104.0,saab,four,sedan,fwd,front,99.1,0.8966842864007688,0.9236111111111112,0.9381270903010034,2758,ohc,four,121,mpfi,3.54,3.07,9.3,110.0,5250.0,21,28,15510,Low,False,True,True,False
136,3,150.0,saab,two,hatchback,fwd,front,99.1,0.8966842864007688,0.9236111111111112,0.9381270903010034,2808,dohc,four,121,mpfi,3.54,3.07,9.0,160.0,5500.0,19,26,18150,Medium,False,True,False,True
137,2,104.0,saab,four,sedan,fwd,front,99.1,0.8966842864007688,0.9236111111111112,0.9381270903010034,2847,dohc,four,121,mpfi,3.54,3.07,9.0,160.0,5500.0,19,26,18620,Medium,False,True,False,True
138,2,83.0,subaru,two,hatchback,fwd,front,93.7,0.7539644401729938,0.8805555555555555,0.8979933110367894,2050,ohcf,four,97,2bbl,3.62,2.36,9.0,69.0,4900.0,31,36,5118,Low,False,True,True,False
139,2,83.0,subaru,two,hatchback,fwd,front,93.7,0.758769822200865,0.8833333333333333,0.8979933110367894,2120,ohcf,four,108,2bbl,3.62,2.64,8.7,73.0,4400.0,26,31,7053,Low,False,True,True,False
140,2,83.0,subaru,two,hatchback,4wd,front,93.3,0.7558865929841423,0.8861111111111111,0.931438127090301,2240,ohcf,four,108,2bbl,3.62,2.64,8.7,73.0,4400.0,26,31,7603,Low,False,True,True,False
141,0,102.0,subaru,four,sedan,fwd,front,97.2,0.8265257087938491,0.9083333333333334,0.8779264214046824,2145,ohcf,four,108,2bbl,3.62,2.64,9.5,82.0,4800.0,32,37,7126,Low,False,True,True,False
142,0,102.0,subaru,four,sedan,fwd,front,97.2,0.8265257087938491,0.9083333333333334,0.8779264214046824,2190,ohcf,four,108,2bbl,3.62,2.64,9.5,82.0,4400.0,28,33,7775,Low,False,True,True,False
143,0,102.0,subaru,four,sedan,fwd,front,97.2,0.8265257087938491,0.9083333333333334,0.8779264214046824,2340,ohcf,four,108,mpfi,3.62,2.64,9.0,94.0,5200.0,26,32,9960,Low,False,True,True,False
144,0,102.0,subaru,four,sedan,4wd,front,97.0,0.8265257087938491,0.9083333333333334,0.9080267558528428,2385,ohcf,four,108,2bbl,3.62,2.64,9.0,82.0,4800.0,24,25,9233,Low,False,True,True,False
145,0,102.0,subaru,four,sedan,4wd,front,97.0,0.8265257087938491,0.9083333333333334,0.9080267558528428,2510,ohcf,four,108,mpfi,3.62,2.64,7.7,111.0,4800.0,24,29,11259,Low,False,True,False,True
146,0,89.0,subaru,four,wagon,fwd,front,97.0,0.8337337818356559,0.9083333333333334,0.8862876254180603,2290,ohcf,four,108,2bbl,3.62,2.64,9.0,82.0,4800.0,28,32,7463,Low,False,True,True,False
147,0,89.0,subaru,four,wagon,fwd,front,97.0,0.8337337818356559,0.9083333333333334,0.8862876254180603,2455,ohcf,four,108,mpfi,3.62,2.64,9.0,94.0,5200.0,25,31,10198,Low,False,True,True,False
148,0,85.0,subaru,four,wagon,4wd,front,96.9,0.8342143200384431,0.9083333333333334,0.9180602006688964,2420,ohcf,four,108,2bbl,3.62,2.64,9.0,82.0,4800.0,23,29,8013,Low,False,True,True,False
149,0,85.0,subaru,four,wagon,4wd,front,96.9,0.8342143200384431,0.9083333333333334,0.9180602006688964,2650,ohcf,four,108,mpfi,3.62,2.64,7.7,111.0,4800.0,23,23,11694,Low,False,True,False,True
150,1,87.0,toyota,two,hatchback,fwd,front,95.7,0.762614127823162,0.8833333333333333,0.911371237458194,1985,ohc,four,92,2bbl,3.05,3.03,9.0,62.0,4800.0,35,39,5348,Low,False,True,True,False
151,1,87.0,toyota,two,hatchback,fwd,front,95.7,0.762614127823162,0.8833333333333333,0.911371237458194,2040,ohc,four,92,2bbl,3.05,3.03,9.0,62.0,4800.0,31,38,6338,Low,False,True,True,False
152,1,74.0,toyota,four,hatchback,fwd,front,95.7,0.762614127823162,0.8833333333333333,0.911371237458194,2015,ohc,four,92,2bbl,3.05,3.03,9.0,62.0,4800.0,31,38,6488,Low,False,True,True,False
153,0,77.0,toyota,four,wagon,fwd,front,95.7,0.8154733301297453,0.8833333333333333,0.988294314381271,2280,ohc,four,92,2bbl,3.05,3.03,9.0,62.0,4800.0,31,37,6918,Low,False,True,True,False
154,0,81.0,toyota,four,wagon,4wd,front,95.7,0.8154733301297453,0.8833333333333333,0.988294314381271,2290,ohc,four,92,2bbl,3.05,3.03,9.0,62.0,4800.0,27,32,7898,Low,False,True,True,False
155,0,91.0,toyota,four,wagon,4wd,front,95.7,0.8154733301297453,0.8833333333333333,0.988294314381271,3110,ohc,four,92,2bbl,3.05,3.03,9.0,62.0,4800.0,27,32,8778,Low,False,True,True,False
156,0,91.0,toyota,four,sedan,fwd,front,95.7,0.7991350312349833,0.8944444444444445,0.8862876254180603,2081,ohc,four,98,2bbl,3.19,3.03,9.0,70.0,4800.0,30,37,6938,Low,False,True,True,False
157,0,91.0,toyota,four,hatchback,fwd,front,95.7,0.7991350312349833,0.8944444444444445,0.882943143812709,2109,ohc,four,98,2bbl,3.19,3.03,9.0,70.0,4800.0,30,37,7198,Low,False,True,True,False
158,0,91.0,toyota,four,sedan,fwd,front,95.7,0.7991350312349833,0.8944444444444445,0.8862876254180603,2275,ohc,four,110,idi,3.27,3.35,22.5,56.0,4500.0,34,36,7898,Low,True,False,True,False
159,0,91.0,toyota,four,hatchback,fwd,front,95.7,0.7991350312349833,0.8944444444444445,0.882943143812709,2275,ohc,four,110,idi,3.27,3.35,22.5,56.0,4500.0,38,47,7788,Low,True,False,True,False
160,0,91.0,toyota,four,sedan,fwd,front,95.7,0.7991350312349833,0.8944444444444445,0.8862876254180603,2094,ohc,four,98,2bbl,3.19,3.03,9.0,70.0,4800.0,38,47,7738,Low,False,True,True,False
161,0,91.0,toyota,four,hatchback,fwd,front,95.7,0.7991350312349833,0.8944444444444445,0.882943143812709,2122,ohc,four,98,2bbl,3.19,3.03,9.0,70.0,4800.0,28,34,8358,Low,False,True,True,False
162,0,91.0,toyota,four,sedan,fwd,front,95.7,0.7991350312349833,0.8944444444444445,0.882943143812709,2140,ohc,four,98,2bbl,3.19,3.03,9.0,70.0,4800.0,28,34,9258,Low,False,True,True,False
163,1,168.0,toyota,two,sedan,rwd,front,94.5,0.810667948101874,0.8888888888888888,0.8795986622073579,2169,ohc,four,98,2bbl,3.19,3.03,9.0,70.0,4800.0,29,34,8058,Low,False,True,True,False
164,1,168.0,toyota,two,hatchback,rwd,front,94.5,0.810667948101874,0.8888888888888888,0.8795986622073579,2204,ohc,four,98,2bbl,3.19,3.03,9.0,70.0,4800.0,29,34,8238,Low,False,True,True,False
165,1,168.0,toyota,two,sedan,rwd,front,94.5,0.810667948101874,0.8888888888888888,0.8795986622073579,2265,dohc,four,98,mpfi,3.24,3.08,9.4,112.0,6600.0,26,29,9298,Low,False,True,True,False
166,1,168.0,toyota,two,hatchback,rwd,front,94.5,0.810667948101874,0.8888888888888888,0.8795986622073579,2300,dohc,four,98,mpfi,3.24,3.08,9.4,112.0,6600.0,26,29,9538,Low,False,True,True,False
167,2,134.0,toyota,two,hardtop,rwd,front,98.4,0.8467083133109082,0.911111111111111,0.8695652173913044,2540,ohc,four,146,mpfi,3.62,3.5,9.3,116.0,4800.0,24,30,8449,Low,False,True,True,False
168,2,134.0,toyota,two,hardtop,rwd,front,98.4,0.8467083133109082,0.911111111111111,0.8695652173913044,2536,ohc,four,146,mpfi,3.62,3.5,9.3,116.0,4800.0,24,30,9639,Low,False,True,True,False
169,2,134.0,toyota,two,hatchback,rwd,front,98.4,0.8467083133109082,0.911111111111111,0.8695652173913044,2551,ohc,four,146,mpfi,3.62,3.5,9.3,116.0,4800.0,24,30,9989,Low,False,True,True,False
170,2,134.0,toyota,two,hardtop,rwd,front,98.4,0.8467083133109082,0.911111111111111,0.8695652173913044,2679,ohc,four,146,mpfi,3.62,3.5,9.3,116.0,4800.0,24,30,11199,Low,False,True,True,False
171,2,134.0,toyota,two,hatchback,rwd,front,98.4,0.8467083133109082,0.911111111111111,0.8695652173913044,2714,ohc,four,146,mpfi,3.62,3.5,9.3,116.0,4800.0,24,30,11549,Low,False,True,True,False
172,2,134.0,toyota,two,convertible,rwd,front,98.4,0.8467083133109082,0.911111111111111,0.8862876254180603,2975,ohc,four,146,mpfi,3.62,3.5,9.3,116.0,4800.0,24,30,17669,Low,False,True,True,False
173,-1,65.0,toyota,four,sedan,fwd,front,102.4,0.8438250840941854,0.9236111111111112,0.9180602006688964,2326,ohc,four,122,mpfi,3.31,3.54,8.7,92.0,4200.0,29,34,8948,Low,False,True,True,False
174,-1,65.0,toyota,four,sedan,fwd,front,102.4,0.8438250840941854,0.9236111111111112,0.9180602006688964,2480,ohc,four,110,idi,3.27,3.35,22.5,73.0,4500.0,30,33,10698,Low,True,False,False,True
175,-1,65.0,toyota,four,hatchback,fwd,front,102.4,0.8438250840941854,0.9236111111111112,0.9013377926421405,2414,ohc,four,122,mpfi,3.31,3.54,8.7,92.0,4200.0,27,32,9988,Low,False,True,True,False
176,-1,65.0,toyota,four,sedan,fwd,front,102.4,0.8438250840941854,0.9236111111111112,0.9180602006688964,2414,ohc,four,122,mpfi,3.31,3.54,8.7,92.0,4200.0,27,32,10898,Low,False,True,True,False
177,-1,65.0,toyota,four,hatchback,fwd,front,102.4,0.8438250840941854,0.9236111111111112,0.9013377926421405,2458,ohc,four,122,mpfi,3.31,3.54,8.7,92.0,4200.0,27,32,11248,Low,False,True,True,False
178,3,197.0,toyota,two,hatchback,rwd,front,102.9,0.8817876021143681,0.9402777777777778,0.8695652173913044,2976,dohc,six,171,mpfi,3.27,3.35,9.3,161.0,5200.0,20,24,16558,Medium,False,True,True,False
179,3,197.0,toyota,two,hatchback,rwd,front,102.9,0.8817876021143681,0.9402777777777778,0.8695652173913044,3016,dohc,six,171,mpfi,3.27,3.35,9.3,161.0,5200.0,19,24,15998,Medium,False,True,True,False
180,-1,90.0,toyota,four,sedan,rwd,front,104.5,0.9024507448342144,0.9236111111111112,0.9046822742474917,3131,dohc,six,171,mpfi,3.27,3.35,9.2,156.0,5200.0,20,24,15690,Medium,False,True,True,False
181,-1,122.0,toyota,four,wagon,rwd,front,104.5,0.9024507448342144,0.9236111111111112,0.9046822742474917,3151,dohc,six,161,mpfi,3.27,3.35,9.2,156.0,5200.0,19,24,15750,Medium,False,True,True,False
182,2,122.0,volkswagen,two,sedan,fwd,front,97.3,0.8250840941854877,0.9097222222222222,0.931438127090301,2261,ohc,four,97,idi,3.01,3.4,23.0,52.0,4800.0,37,46,7775,Low,True,False,True,False
183,2,122.0,volkswagen,two,sedan,fwd,front,97.3,0.8250840941854877,0.9097222222222222,0.931438127090301,2209,ohc,four,109,mpfi,3.19,3.4,9.0,85.0,5250.0,27,34,7975,Low,False,True,True,False
184,2,94.0,volkswagen,four,sedan,fwd,front,97.3,0.8250840941854877,0.9097222222222222,0.931438127090301,2264,ohc,four,97,idi,3.01,3.4,23.0,52.0,4800.0,37,46,7995,Low,True,False,True,False
185,2,94.0,volkswagen,four,sedan,fwd,front,97.3,0.8250840941854877,0.9097222222222222,0.931438127090301,2212,ohc,four,109,mpfi,3.19,3.4,9.0,85.0,5250.0,27,34,8195,Low,False,True,True,False
186,2,94.0,volkswagen,four,sedan,fwd,front,97.3,0.8250840941854877,0.9097222222222222,0.931438127090301,2275,ohc,four,109,mpfi,3.19,3.4,9.0,85.0,5250.0,27,34,8495,Low,False,True,True,False
187,2,94.0,volkswagen,four,sedan,fwd,front,97.3,0.8250840941854877,0.9097222222222222,0.931438127090301,2319,ohc,four,97,idi,3.01,3.4,23.0,68.0,4500.0,37,42,9495,Low,True,False,False,True
188,2,94.0,volkswagen,four,sedan,fwd,front,97.3,0.8250840941854877,0.9097222222222222,0.931438127090301,2300,ohc,four,109,mpfi,3.19,3.4,10.0,100.0,5500.0,26,32,9995,Low,False,True,True,False
189,3,122.0,volkswagen,two,convertible,fwd,front,94.5,0.7654973570398848,0.8916666666666667,0.9297658862876255,2254,ohc,four,109,mpfi,3.19,3.4,8.5,90.0,5500.0,24,29,11595,Low,False,True,True,False
190,3,256.0,volkswagen,two,hatchback,fwd,front,94.5,0.7962518020182604,0.8888888888888888,0.8595317725752508,2221,ohc,four,109,mpfi,3.19,3.4,8.5,90.0,5500.0,24,29,9980,Low,False,True,True,False
191,0,122.0,volkswagen,four,sedan,fwd,front,100.4,0.865929841422393,0.9291666666666667,0.9214046822742475,2661,ohc,five,136,mpfi,3.19,3.4,8.5,110.0,5500.0,19,24,13295,Low,False,True,True,False
192,0,122.0,volkswagen,four,sedan,fwd,front,100.4,0.865929841422393,0.9291666666666667,0.9214046822742475,2579,ohc,four,97,idi,3.01,3.4,23.0,68.0,4500.0,33,38,13845,Low,True,False,False,True
193,0,122.0,volkswagen,four,wagon,fwd,front,100.4,0.8798654493032196,0.9291666666666667,0.9214046822742475,2563,ohc,four,109,mpfi,3.19,3.4,9.0,88.0,5500.0,25,31,12290,Low,False,True,True,False
194,-2,103.0,volvo,four,sedan,rwd,front,104.3,0.9072561268620856,0.9333333333333333,0.939799331103679,2912,ohc,four,141,mpfi,3.78,3.15,9.5,114.0,5400.0,23,28,12940,Low,False,True,True,False
195,-1,74.0,volvo,four,wagon,rwd,front,104.3,0.9072561268620856,0.9333333333333333,0.9615384615384616,3034,ohc,four,141,mpfi,3.78,3.15,9.5,114.0,5400.0,23,28,13415,Low,False,True,True,False
196,-2,103.0,volvo,four,sedan,rwd,front,104.3,0.9072561268620856,0.9333333333333333,0.939799331103679,2935,ohc,four,141,mpfi,3.78,3.15,9.5,114.0,5400.0,24,28,15985,Low,False,True,True,False
197,-1,74.0,volvo,four,wagon,rwd,front,104.3,0.9072561268620856,0.9333333333333333,0.9615384615384616,3042,ohc,four,141,mpfi,3.78,3.15,9.5,114.0,5400.0,24,28,16515,Low,False,True,True,False
198,-2,103.0,volvo,four,sedan,rwd,front,104.3,0.9072561268620856,0.9333333333333333,0.939799331103679,3045,ohc,four,130,mpfi,3.62,3.15,7.5,162.0,5100.0,17,22,18420,Medium,False,True,False,True
199,-1,74.0,volvo,four,wagon,rwd,front,104.3,0.9072561268620856,0.9333333333333333,0.9615384615384616,3157,ohc,four,130,mpfi,3.62,3.15,7.5,162.0,5100.0,17,22,18950,Medium,False,True,False,True
200,-1,95.0,volvo,four,sedan,rwd,front,109.1,0.9072561268620856,0.9569444444444445,0.9280936454849499,2952,ohc,four,141,mpfi,3.78,3.15,9.5,114.0,5400.0,23,28,16845,Low,False,True,True,False
201,-1,95.0,volvo,four,sedan,rwd,front,109.1,0.9072561268620856,0.9555555555555555,0.9280936454849499,3049,ohc,four,141,mpfi,3.78,3.15,8.7,160.0,5300.0,19,25,19045,Medium,False,True,False,True
202,-1,95.0,volvo,four,sedan,rwd,front,109.1,0.9072561268620856,0.9569444444444445,0.9280936454849499,3012,ohcv,six,173,mpfi,3.58,2.87,8.8,134.0,5500.0,18,23,21485,Medium,False,True,True,False
203,-1,95.0,volvo,four,sedan,rwd,front,109.1,0.9072561268620856,0.9569444444444445,0.9280936454849499,3217,ohc,six,145,idi,3.01,3.4,23.0,106.0,4800.0,26,27,22470,Low,True,False,False,True
204,-1,95.0,volvo,four,sedan,rwd,front,109.1,0.9072561268620856,0.9569444444444445,0.9280936454849499,3062,ohc,four,141,mpfi,3.78,3.15,9.5,114.0,5400.0,19,25,22625,Low,False,True,False,True
